{
    "Footstep_D": {
        "start": 0,
        "end": 0.3003125
    },
    "PlantSeed_A": {
        "start": 1.5,
        "end": 2.367541666666667
    },
    "Button_Main": {
        "start": 3,
        "end": 3.4003958333333335
    },
    "Pet_Cow": {
        "start": 4.5,
        "end": 6.043208333333333
    },
    "Pet_Goat": {
        "start": 7,
        "end": 8.001
    },
    "Emote_SFX_Love": {
        "start": 9.5,
        "end": 10.334166666666667
    },
    "CoinBuy_D": {
        "start": 11,
        "end": 11.5005
    },
    "Streak_Continues": {
        "start": 12.5,
        "end": 14.366666666666667
    },
    "PlantSeed_B": {
        "start": 15,
        "end": 15.834166666666667
    },
    "PlantSeed_C": {
        "start": 16.5,
        "end": 17.33416666666667
    },
    "Emote_SFX_Heart": {
        "start": 18,
        "end": 18.792458333333332
    },
    "Emote_SFX_Sad": {
        "start": 19.5,
        "end": 20.25075
    },
    "CoinBuy_C": {
        "start": 21,
        "end": 21.458791666666666
    },
    "Footstep_B": {
        "start": 22.5,
        "end": 22.7669375
    },
    "Footstep_C": {
        "start": 24,
        "end": 24.2669375
    },
    "CoinBuy_B": {
        "start": 25.5,
        "end": 25.875375
    },
    "Pet_Bee": {
        "start": 27,
        "end": 28.543208333333332
    },
    "Journal_Stamped_A": {
        "start": 29.5,
        "end": 31.126625
    },
    "Journal_Stamped_C": {
        "start": 32,
        "end": 33.75175
    },
    "Pet_Turkey": {
        "start": 34.5,
        "end": 35.54270833333333
    },
    "Sell": {
        "start": 37,
        "end": 38.512
    },
    "Footstep_A": {
        "start": 39.5,
        "end": 39.800291666666666
    },
    "Bread_PoppingLoop": {
        "start": 41,
        "end": 42.704
    },
    "Pet_Capybara": {
        "start": 43.5,
        "end": 44.54270833333333
    },
    "Object_Drop": {
        "start": 46,
        "end": 46.58391666666667
    },
    "CoinBuy_A": {
        "start": 47.5,
        "end": 47.91708333333333
    },
    "Journal_Stamped_B": {
        "start": 49,
        "end": 50.876875
    },
    "Bread_YouveGotBread": {
        "start": 51.5,
        "end": 55.34
    },
    "SnowballFall_B": {
        "start": 56,
        "end": 56.533875
    },
    "Keyboard_TypeTap_C": {
        "start": 57.5,
        "end": 57.788
    },
    "Pet_Stoat": {
        "start": 59,
        "end": 59.91758333333333
    },
    "Keyboard_TypeTap_B": {
        "start": 60.5,
        "end": 60.74
    },
    "SnowballFall_C": {
        "start": 62,
        "end": 62.43375
    },
    "Emote_SFX_Mad": {
        "start": 63.5,
        "end": 64.33416666666666
    },
    "SnowballFall_A": {
        "start": 65,
        "end": 65.43377083333333
    },
    "Pet_Chicken": {
        "start": 66.5,
        "end": 67.54270833333334
    },
    "Keyboard_TypeTap_A": {
        "start": 69,
        "end": 69.24
    },
    "Button_Forward": {
        "start": 70.5,
        "end": 71.033875
    },
    "Plant_Matures_A": {
        "start": 72,
        "end": 73.001
    },
    "Pet_Turtle": {
        "start": 74.5,
        "end": 75.54270833333334
    },
    "Keyboard_TypeTap_D": {
        "start": 77,
        "end": 77.264
    },
    "Bread_PullLever": {
        "start": 78.5,
        "end": 84.068
    },
    "Button_Avatar_ThatsMe": {
        "start": 85,
        "end": 86.90189583333333
    },
    "Plant_Matures_B": {
        "start": 87.5,
        "end": 88.54270833333334
    },
    "Plant_Matures_C": {
        "start": 90,
        "end": 91.04270833333334
    },
    "Pet_Peacock": {
        "start": 92.5,
        "end": 93.54270833333334
    },
    "Pet_Rabbit": {
        "start": 95,
        "end": 95.875875
    },
    "Pet_Butterfly": {
        "start": 96.5,
        "end": 98.04320833333334
    },
    "PlantHarvested_C": {
        "start": 99,
        "end": 100.16783333333333
    },
    "SnowballThrow_A": {
        "start": 101.5,
        "end": 101.7335625
    },
    "PlantHarvested_B": {
        "start": 103,
        "end": 104.16783333333333
    },
    "FootstepSnow_A": {
        "start": 105.5,
        "end": 105.73358333333333
    },
    "SeedShopRestocked": {
        "start": 107,
        "end": 112.30529166666666
    },
    "FootstepSnow_C": {
        "start": 113.5,
        "end": 113.70020833333334
    },
    "Pet_Squirrel": {
        "start": 115,
        "end": 116.5015
    },
    "SnowballThrow_C": {
        "start": 117.5,
        "end": 117.70020833333334
    },
    "Shop_Open": {
        "start": 119,
        "end": 119.79245833333333
    },
    "SnowballThrow_B": {
        "start": 120.5,
        "end": 120.73358333333333
    },
    "Pet_SnowFox": {
        "start": 122,
        "end": 123.25125
    },
    "Player_Appears": {
        "start": 124.5,
        "end": 124.98333333333333
    },
    "Emote_SFX_Happy": {
        "start": 126,
        "end": 126.79245833333333
    },
    "PlantHarvested_A": {
        "start": 127.5,
        "end": 128.70120833333334
    },
    "FootstepSnow_B": {
        "start": 130,
        "end": 130.20020833333334
    },
    "Keyboard_Enter": {
        "start": 131.5,
        "end": 132.148
    },
    "Journal_NextPage": {
        "start": 133,
        "end": 133.79245833333334
    },
    "WateringCan_Speedup": {
        "start": 134.5,
        "end": 136.0015
    },
    "PlantHarvested_D": {
        "start": 137,
        "end": 137.86754166666665
    },
    "Pet_Pig": {
        "start": 138.5,
        "end": 139.54270833333334
    },
    "Journal_Closes": {
        "start": 141,
        "end": 142.001
    },
    "Button_Modal_Close": {
        "start": 143.5,
        "end": 144.0005
    },
    "Decor_Flip": {
        "start": 145,
        "end": 145.375375
    },
    "Button_Modal_Open": {
        "start": 146.5,
        "end": 146.967125
    },
    "Decor_Rotate": {
        "start": 148,
        "end": 148.375375
    },
    "Harvest_D": {
        "start": 149.5,
        "end": 150.30079166666667
    },
    "Decor_Place": {
        "start": 151,
        "end": 151.5005
    },
    "Pet_WhiteCaribou": {
        "start": 152.5,
        "end": 153.54270833333334
    },
    "DonutBuy_D": {
        "start": 155,
        "end": 155.83416666666668
    },
    "Harvest_Spam_C": {
        "start": 156.5,
        "end": 156.60010416666665
    },
    "Harvest_Spam_B": {
        "start": 158,
        "end": 158.13347916666666
    },
    "Score_Promotion": {
        "start": 159.5,
        "end": 161.53333333333333
    },
    "Pet_EffectActive": {
        "start": 163,
        "end": 165.46079166666667
    },
    "Pet_Dragonfly": {
        "start": 166.5,
        "end": 168.04320833333333
    },
    "AllShopsRestocked": {
        "start": 169,
        "end": 179.21854166666668
    },
    "Harvest_Spam_A": {
        "start": 180.5,
        "end": 180.60010416666665
    },
    "Pet_Worm": {
        "start": 182,
        "end": 183.54320833333333
    },
    "Harvest_B": {
        "start": 184.5,
        "end": 185.13397916666668
    },
    "Destroy_Object": {
        "start": 186,
        "end": 186.56725
    },
    "Bread_SparkleLoop": {
        "start": 187.5,
        "end": 200.508
    },
    "DonutBuy_B": {
        "start": 202,
        "end": 202.75075
    },
    "Pet_Hungry": {
        "start": 203.5,
        "end": 204.75125
    },
    "Button_Avatar_Randomizer": {
        "start": 206,
        "end": 206.86752083333334
    },
    "Object_PickUp": {
        "start": 207.5,
        "end": 208.08391666666665
    },
    "DonutBuy_C": {
        "start": 209,
        "end": 209.70904166666668
    },
    "Harvest_Spam_D": {
        "start": 210.5,
        "end": 210.60008333333334
    },
    "Harvest_C": {
        "start": 212,
        "end": 212.8008125
    },
    "Harvest_A": {
        "start": 213.5,
        "end": 214.2340625
    },
    "DonutBuy_A": {
        "start": 215,
        "end": 215.75075
    },